<?xml version="1.0"?>
<data grt_format="2.0">
  <value _ptr_="00000199C4779BC0" type="list" content-type="object" content-struct-name="db.mgmt.ServerInstance">
    <value type="object" struct-name="db.mgmt.ServerInstance" id="{F616EF32-CF83-4121-A30B-2C2625F9CD2D}" struct-checksum="0x367436e2">
      <link type="object" struct-name="db.mgmt.Connection" key="connection">{228A28D1-D170-4694-86D5-418CD3B26AAB}</link>
      <value _ptr_="00000199C4C68F70" type="dict" key="loginInfo">
        <value type="string" key="ssh.hostName"></value>
        <value type="string" key="ssh.key">C:\Users\maikol.acuna\AppData\Roaming/.ssh/ssh_private_key</value>
        <value type="string" key="ssh.localPort">3306</value>
        <value type="int" key="ssh.useKey">0</value>
        <value type="string" key="ssh.userName">mysql</value>
      </value>
      <value _ptr_="00000199C4C68550" type="dict" key="serverInfo">
        <value type="string" key="basedir">C:\Program Files\MySQL\MySQL Server 9.1\</value>
        <value type="string" key="datadir">C:\ProgramData\MySQL\MySQL Server 9.1\Data\</value>
        <value type="string" key="detected_os_name">Windows 10 Pro</value>
        <value type="string" key="detected_os_type">windows</value>
        <value type="string" key="detected_os_variant">Windows</value>
        <value type="string" key="detected_os_version">Microsoft Windows [Version 10.0.22631.4391]</value>
        <value type="string" key="errorLogFilePath">SBCR_TEC_001.err</value>
        <value type="string" key="generalLogFilePath">SBCR_TEC_001.log</value>
        <value type="string" key="serverVersion">9.1.0</value>
        <value type="int" key="setupPending">0</value>
        <value type="int" key="slowLogEnabled">1</value>
        <value type="string" key="slowLogFilePath">SBCR_TEC_001-slow.log</value>
        <value type="string" key="sys.mysqld.service_name">MySQL</value>
        <value type="string" key="sys.sudo"></value>
        <value type="int" key="sys.usesudo">1</value>
        <value type="int" key="sys.usesudostatus">0</value>
        <value type="int" key="windowsAdmin">1</value>
      </value>
      <value type="string" key="name">new connection</value>
    </value>
  </value>
</data>
